objfx,cn2,awc,surlag,alpha,esco,chain
0.657017010491586,-7.7734375,16.5234375,5.86494140625,0.7236328125,0.9423828125,null
